{"cameraMode":{"drawMode":0,"name":"Shaded","section":"Shading Mode"},"sceneLighting":true,"audioPlay":false,"sceneViewState":{"m_AlwaysRefresh":false,"showFog":true,"showSkybox":true,"showFlares":true,"showImageEffects":true,"showParticleSystems":true,"showVisualEffectGraphs":true,"m_FxEnabled":true},"in2DMode":false,"pivot":{"x":-3.9758353233337404,"y":-0.5646228790283203,"z":0.5258712768554688},"rotation":{"x":-0.07413825392723084,"y":0.6190528869628906,"z":-0.058868806809186938,"w":-0.7796229720115662},"size":5.691982746124268,"orthographic":false}